Model,Accuracy,AUC,Precision,Recall,F1,MCC
Logistic Regression,0.590625,0.7639904835106219,0.5695246022937477,0.590625,0.5672975809413863,0.3250200830330866
Decision Tree,0.609375,0.6583516800863212,0.612091658056326,0.609375,0.6094768551755391,0.3982410745998054
KNN,0.609375,0.6983287237940888,0.5841164302600472,0.609375,0.5958865796643045,0.3733131339434211
Naive Bayes,0.5625,0.6837826791210272,0.5744606187365784,0.5625,0.5680669085816145,0.32991113550203266
Random Forest,0.675,0.7661310794281452,0.6503688016854996,0.675,0.6603324980581062,0.4768369068990706
XGBoost,0.653125,0.7989607108337641,0.6480266262688248,0.653125,0.6433717879050458,0.44530149405583763
